{
  "generator-jhipster": {
    "applicationType": "monolith",
    "authenticationType": "jwt",
    "baseName": "CeeLoBackend",
    "blueprints": [
      {
        "name": "generator-jhipster-kotlin",
        "version": "1.15.0"
      }
    ],
    "buildTool": "gradle",
    "cacheProvider": "ehcache",
    "clientFramework": "react",
    "clientPackageManager": "npm",
    "clientTheme": "darkly",
    "clientThemeVariant": "primary",
    "creationTimestamp": 1650724104395,
    "databaseType": "sql",
    "devDatabaseType": "h2Memory",
    "devServerPort": 9060,
    "dtoSuffix": "DTO",
    "enableGradleEnterprise": false,
    "enableHibernateCache": true,
    "enableSwaggerCodegen": false,
    "enableTranslation": true,
    "entitySuffix": "",
    "herokuAppName": "ceelo-backend",
    "herokuDeployType": "jar",
    "herokuJavaVersion": "11",
    "jhiPrefix": "jhi",
    "jhipsterVersion": "7.8.1",
    "jwtSecretKey": "MGI5ZWUzMWRiZjY5MTdlNTU5OGUwZjMzYTVhYzk1OWIyMDRhNzFhODZhYmE4YWMyMzAwM2M3ZTk0NjhlMDM3ODNjMGM2NjE2ZDFiMTk0Y2M1MjU4ODBiMGExZGI5Yjk3ZDQxNDdkNzM3NWZlYjI4Yjc2Y2FkOTllNGY4MDQxZTE=",
    "languages": ["fr", "en", "es"],
    "messageBroker": false,
    "monorepository": true,
    "nativeLanguage": "fr",
    "otherModules": [
      {
        "name": "generator-jhipster-kotlin",
        "version": "1.15.0"
      }
    ],
    "packageName": "game.ceelo.backend",
    "pages": [],
    "prodDatabaseType": "postgresql",
    "reactive": false,
    "searchEngine": false,
    "serverPort": "8080",
    "serverSideOptions": [],
    "serviceDiscoveryType": "no",
    "skipCheckLengthOfIdentifier": false,
    "skipCommitHook": true,
    "skipFakeData": false,
    "skipUserManagement": false,
    "testFrameworks": [],
    "websocket": false,
    "withAdminUi": true
  }
}
